-4.2012,-1.5482,-2.6835,-2.5216,0.71511,-2.1236,0.87345,-1.3805,-1.375,-0.72119,-1.5401,1.4884,2.2362,0.36452,1.1516,1.5188,-0.12963,-0.43539,-0.023676,-0.2807
-2.9244,0.54198,-0.42779,-1.081,2.7968,-0.14319,0.81904,-0.71185,-0.32127,-1.0024,-0.74757,1.7291,2.0504,1.005,1.3471,1.7094,0.14568,-0.086247,0.50436,-0.54284
-2.9834,-0.11104,-1.0817,-1.5106,2.1013,-0.73754,-0.4202,-1.5483,-1.1725,0.35046,-1.2805,0.61657,1.4388,-0.15465,0.17761,0.72068,-0.28283,-0.49087,-0.30271,-0.10728
-3.0199,0.11964,-0.83831,-1.3594,2.3748,-0.49411,-2.103,-2.6685,-1.9385,5.8228,-0.62255,1.8106,2.6931,1.1471,0.86013,1.9082,-0.72861,-0.74968,-0.40223,0.20091
-3.3786,-0.22286,-1.6656,-1.6878,2.6038,-0.97578,0.81,-0.95769,-0.74087,-1.0409,-1.1047,1.5746,2.3292,0.79755,1.0177,1.7001,3.4931,2.3598,3.8792,-1.2631
-1.8359,0.37806,0.27078,-0.58619,1.1683,0.13033,-0.36257,-1.0948,-0.61563,-0.058359,0.10216,2.137,3.6077,1.773,0.8934,2.6198,-0.69636,-0.63634,-0.20871,0.14275
-2.339,-0.10762,-0.61731,-0.86976,1.0181,-0.44113,-1.0818,-1.7907,-1.1455,1.3132,-0.36547,1.5293,2.4426,1.2592,0.52968,1.7818,0.55575,0.33191,1.0492,-0.7079
-3.2843,0.4601,-0.9423,-1.3287,3.3861,-0.34559,0.94151,-0.83957,-0.49699,-0.78265,-0.15967,2.4322,3.5347,2.0242,1.2163,2.7095,-0.21832,-0.27401,0.44794,-0.32535
-3.0539,0.098964,-1.1308,-1.4205,2.6468,-0.61277,-1.5002,-2.2854,-1.6616,2.1745,-0.62161,2.0287,2.7163,1.2737,1.3916,2.1207,-0.67562,-0.72464,-0.35072,0.29131
-3.0546,0.092997,-0.98171,-1.3647,2.4091,-0.56726,-1.4781,-2.2592,-1.5992,1.8043,-0.46604,2.3733,2.7132,1.607,1.9062,2.3394,-0.27592,-0.36671,0.25404,-0.24421
-2.9259,-0.48262,-0.90465,-1.591,0.93573,-0.89301,-2.4463,-2.8716,-2.1197,7.3851,-1.2706,0.71034,1.1213,-0.16935,0.56733,0.66344,-0.53855,-0.70333,-0.59404,-0.014434
-3.3727,-1.8623,-2.445,-2.3514,-0.52209,-2.1815,-2.3248,-2.8583,-2.2305,5.5661,-1.5709,-1.0513,-0.93767,-1.5578,-0.91378,-1.1595,-1.1456,-1.1658,-1.3358,1.0153
-1.7428,-0.76906,-0.86133,-1.0157,-0.40376,-0.85141,0.27712,-0.4597,-0.49733,-0.59236,-1.4986,0.2429,1.0579,-0.49878,-0.020971,0.42696,-0.61457,-0.76152,-0.63979,0.43828
-2.4981,-0.093358,-0.60313,-1.0217,1.2341,-0.44885,1.4109,-0.058529,0.088559,-1.3301,-0.43495,1.7211,2.7975,1.3417,0.66593,1.9566,-0.26094,-0.35554,0.16027,-0.29769
-3.3495,-0.50816,-1.534,-1.7255,1.6289,-1.1082,-1.9719,-2.6397,-1.9459,3.6583,-1.7779,1.3827,1.5043,0.15495,1.5339,1.2236,-0.25979,-0.57951,-0.25478,-0.22688
-3.1161,0.65226,-0.74635,-1.0654,3.4775,-0.13486,-2.2887,-2.7987,-1.9386,5.3529,-0.86987,1.7956,2.8677,1.2165,0.81284,2.0397,0.0996,-0.16034,0.51082,-0.46942
-2.2443,2.5254,2.041,0.4952,4.1163,1.99,1.4603,0.16762,1.5889,-0.84276,-0.1465,2.0264,3.2657,1.9802,0.61164,2.5049,0.56036,0.37318,1.3872,-0.74516
-2.5597,0.52964,-0.061678,-0.66172,1.9506,0.1084,0.64114,-0.63444,-0.018199,-0.93573,-0.11031,1.5272,2.8722,1.6528,0.12991,2.0611,0.35417,0.22331,1.0413,-0.62495
-3.2345,-0.83761,-1.7482,-1.8771,1.1612,-1.3328,-1.5343,-2.3412,-1.8124,2.0107,-1.5104,0.47082,0.96089,-0.085539,0.23392,0.56482,-0.91521,-0.99428,-0.87012,0.49859
-3.1744,0.5783,-0.63529,-1.0855,3.1539,-0.14063,-2.2393,-2.782,-1.9371,5.289,-0.40259,2.4105,2.9808,1.8084,1.6709,2.5141,2.719,2.0637,3.9732,-1.1891
-2.6335,-0.10095,-0.80023,-1.1178,1.4771,-0.54875,0.15464,-1.0018,-0.65511,-0.5411,-0.57862,0.3942,1.1051,0.21691,-0.29752,0.62498,-0.91406,-0.89448,-0.79394,0.52179
-3.5266,-0.2196,-1.6204,-1.7227,2.5791,-0.97807,-1.8415,-2.5869,-1.8749,3.0404,-1.1352,1.7828,2.3862,0.96669,1.1445,1.7839,-0.31969,-0.51286,-0.00087669,-0.1579
-2.4785,0.20762,-0.41288,-0.82788,1.6377,-0.16659,-1.6534,-2.2132,-1.5213,3.3511,-0.26366,1.5168,2.7789,1.1846,0.32642,1.8791,-0.98087,-0.91511,-0.65427,0.64356
-3.1045,-0.93767,-1.4016,-1.763,0.43245,-1.2696,-0.55372,-1.6499,-1.3524,0.32507,-0.82773,0.015204,0.7562,-0.32482,-0.54177,0.21298,0.66172,0.30247,0.43627,-0.73873
-3.2222,-0.09716,-1.413,-1.4746,2.4791,-0.80811,-0.91352,-1.9777,-1.4093,1.0281,-1.2196,0.83105,1.1839,0.2043,0.48265,0.81773,-0.08931,-0.35453,-0.046786,-0.41893
-3.118,0.20086,-0.89358,-1.2872,2.5371,-0.4627,2.2731,0.10757,0.16347,-1.1431,-0.35065,1.4889,2.1347,1.4365,0.63657,1.6667,0.80801,0.53862,1.439,-0.80377
-3.0163,-0.58713,-1.3821,-1.5267,1.1606,-1.0468,-2.275,-2.7743,-2.0459,5.4877,-0.84442,0.42266,0.96289,0.38104,-0.14982,0.59036,-0.46598,-0.58018,-0.35298,-0.11303
-2.6748,0.11598,-0.72934,-1.0962,2.011,-0.41958,-0.71254,-1.6225,-1.0706,0.34382,-0.71051,1.7066,2.1094,1.1684,1.3079,1.7801,0.62716,0.21147,0.88828,-0.52391
-2.884,0.53437,-0.28374,-0.8688,2.4636,0.031349,-2.3728,-2.8159,-1.9384,5.9369,-0.25967,1.8677,3.0127,1.8735,0.56682,2.2956,-0.5086,-0.5291,0.042854,-0.076824
-2.9956,0.56691,-0.43304,-0.99869,2.8087,-0.038183,-1.8799,-2.5049,-1.6833,3.149,-0.40047,1.3739,2.3331,1.084,0.49985,1.6923,0.43941,0.23109,0.88159,-0.64584
-3.1393,0.85818,-0.2682,-1.0672,3.5274,0.1248,-0.52702,-1.6894,-1.0106,0.19223,-0.70424,2.3166,3.4422,1.7041,1.1955,2.6541,1.3298,0.81637,2.025,-0.92879
-0.17333,0.33799,0.22778,0.87746,0.07643,0.36738,4.7341,4.6486,4.6452,-2.3343,0.45758,1.8455,3.1243,1.9232,0.49056,2.3709,3.3641,3.1132,5.1301,-1.0935
-3.8496,0.78461,-1.5526,-1.6942,5.272,-0.42142,0.66584,-1.2719,-0.7731,-0.96003,-1.8151,1.4362,1.0963,0.26432,1.9047,1.1461,3.3733,1.9003,3.18,-1.2648
-2.3922,1.6165,0.45497,-0.39551,4.3159,0.87479,-1.3924,-2.0085,-1.1685,1.7177,0.79658,2.6818,3.6159,2.9657,1.4051,3.0886,-0.33121,-0.21751,0.61174,-0.20829
-3.1901,-0.17142,-1.1988,-1.5563,2.1434,-0.81256,-2.6708,-3.0567,-2.2345,9.8807,-1.4027,0.88538,1.0812,0.11768,0.81084,0.80334,0.47742,0.014908,0.38352,-0.66896
-3.1361,-1.0757,-1.8407,-1.8752,0.58415,-1.484,-0.98219,-1.9663,-1.5874,0.8139,-0.98085,0.015671,0.52032,-0.36623,-0.24712,0.090371,-0.9659,-0.98514,-0.98427,0.65403
-3.0732,-0.41627,-1.3425,-1.6045,1.6575,-0.95935,-2.729,-3.0724,-2.2498,10.051,-0.96658,0.18571,0.89505,0.037527,-0.42516,0.43163,-0.88296,-0.91004,-0.82117,0.44685
-3.5332,0.31714,-1.2704,-1.5523,3.5616,-0.57448,-0.53645,-1.826,-1.2439,0.12024,-1.0059,1.6323,1.9685,0.70496,1.4101,1.5442,3.9642,2.7471,4.2248,-1.3175
-2.8549,0.11652,-0.78292,-1.0692,2.0663,-0.37629,-2.209,-2.7136,-1.9124,5.5436,-2.0531,0.67115,0.74619,-0.25772,0.77907,0.54886,4.8892,2.8199,3.9805,-1.3743
-3.1459,0.16153,-1.1142,-1.3958,2.7638,-0.50658,-2.8001,-3.1211,-2.2509,11.684,-1.2151,1.9742,2.1844,1.1348,1.7591,1.9432,0.50737,0.085616,0.92392,-0.71452
-3.208,-0.10601,-0.8921,-1.4771,1.9044,-0.65737,-1.899,-2.5637,-1.8416,3.2374,-0.57115,1.2757,2.346,0.82525,0.39318,1.6377,0.13992,-0.052078,0.44141,-0.53002
-2.9305,-0.54525,-1.1044,-1.4523,0.89984,-0.9063,-1.3659,-2.1537,-1.5786,1.528,0.46844,2.1976,3.7057,2.5122,0.32172,2.7938,0.89556,0.81028,2.0745,-0.84051
-3.2002,0.83695,-0.66783,-1.1346,3.9687,-0.020208,-0.16922,-1.4528,-0.79976,-0.28344,-0.76244,2.2114,3.0658,1.4595,1.4917,2.3918,3.1613,2.1835,3.9307,-1.234
-3.1801,1.3148,-0.46557,-0.98541,4.9612,0.35901,-1.6225,-2.3852,-1.5484,2.3045,-1.1224,1.789,2.5549,1.011,1.2151,1.9523,0.59146,0.15971,0.93116,-0.74651
-2.7058,-0.2389,-1.1876,-1.3502,1.7544,-0.75558,-2.0656,-2.5759,-1.8765,3.9962,0.054905,0.66587,1.5134,0.75192,-0.13333,0.98708,-0.43833,-0.42388,-0.21898,-0.13005
-2.8006,-0.60124,-1.458,-1.5515,1.169,-1.0742,-1.8554,-2.4516,-1.8436,3.0109,-0.59814,0.55489,1.3286,0.49399,-0.21321,0.73183,-0.24942,-0.37381,-0.10258,-0.2973
-3.3065,0.12781,-1.3065,-1.4795,2.969,-0.65503,-1.3091,-2.2191,-1.565,1.4172,-0.7382,0.99697,1.7925,0.54036,0.2698,1.1684,-0.2667,-0.40934,-0.11137,-0.29216
-1.0574,-1.6018,-1.4634,-1.4904,-1.5269,-1.5497,-1.2842,-1.5828,-1.5548,1.2983,0.2929,-1.3988,-1.2991,-1.3602,-1.2904,-1.4112,0.08117,0.059566,-0.51133,-0.51554
-0.63414,0.019218,-0.10316,-0.51103,0.57947,-0.16557,-0.38486,-0.61371,-0.58403,-0.13991,0.4772,-0.24805,0.086543,-0.010483,-0.61149,-0.10344,0.086929,0.098133,0.021066,-0.52748
0.097946,-0.057722,-0.070864,-0.2233,0.083342,-0.098667,-0.50794,-0.44176,-0.44356,0.22942,1.4144,0.62258,0.6355,1.082,0.34387,0.69215,2.2559,2.5259,3.1247,-1.0791
0.59966,0.15883,0.2909,0.34726,-0.20161,0.25836,-0.83662,-0.65875,-0.50876,0.59462,1.2718,1.0276,1.1579,1.4037,0.64217,1.1414,1.5141,1.5755,2.1177,-1.0046
1.3355,0.11787,0.3741,0.68621,-0.70714,0.35446,0.48714,1.1707,0.80325,-0.90899,-0.13729,-0.95554,-0.96999,-0.43715,-1.1395,-0.85627,0.68361,0.38062,0.17008,-0.73826
1.2165,0.05941,0.48596,0.6225,-0.84713,0.36987,-0.58063,-0.19423,-0.20402,0.60401,1.8511,0.088001,0.43301,0.99413,-0.59783,0.33556,0.4659,0.73518,0.80611,-0.70849
0.25935,-0.17532,-0.049604,-0.0017271,-0.40951,-0.09418,-1.2133,-1.1361,-0.89197,1.2501,-0.61975,-0.69109,-0.59544,-0.66435,-0.76774,-0.68383,-0.25288,-0.37449,-0.4809,-0.3037
1.6515,-0.24336,-0.10991,0.94509,-0.79035,0.07175,-1.0254,-0.52356,-0.36542,1.0023,-0.030499,0.52687,0.29027,0.89535,0.85356,0.57667,-0.87375,-0.81159,-0.63559,0.58149
1.5676,0.46288,0.99795,1.0055,-0.64577,0.86922,-0.53465,0.049272,0.1036,0.044127,4.4375,1.4165,1.9616,3.7186,-0.15324,1.9601,1.1133,2.1608,3.1956,-0.90393
-0.22389,-0.83695,-0.67691,-0.68266,-1.0016,-0.7567,-0.37703,-0.44689,-0.67564,-0.1455,0.081035,-1.0325,-0.90261,-0.79308,-1.1548,-0.96401,0.53271,0.42528,0.08993,-0.72768
0.77949,-0.059613,0.081705,0.21137,-0.39946,0.0408,-2.0759,-1.9659,-1.5026,3.9745,1.8789,-0.34995,-0.12258,0.76019,-0.88493,-0.14163,-0.269,0.11809,0.17241,-0.10054
-1.0557,-1.5192,-1.3779,-1.4766,-1.4018,-1.5108,0.81482,0.28421,-0.5607,-1.0885,-0.19498,-1.1528,-1.1355,-1.1051,-1.1086,-1.17,1.134,0.83938,0.33519,-0.92434
-0.87476,-1.5209,-1.72,-1.3982,-0.9591,-1.6126,-1.2155,-1.4207,-1.443,1.6053,-0.61553,-1.2897,-1.5258,-1.1353,-0.80652,-1.3504,-1.3783,-1.2707,-1.4261,1.9864
0.54032,0.47656,0.60764,0.46928,0.29802,0.53639,0.26648,0.5365,0.46655,-0.75904,0.30042,0.50575,0.72996,0.46111,0.24131,0.58165,0.88519,0.70777,0.85008,-0.79868
-0.10109,0.92995,0.71378,0.48751,1.1409,0.72513,0.56324,0.57275,0.83887,-0.86462,0.90853,-0.10832,-0.12289,0.27231,-0.30004,-0.086435,1.513,1.4937,1.4565,-1.0128
-0.14981,0.88998,0.76793,0.47508,1.0659,0.76698,1.5154,1.459,1.4596,-1.458,2.7907,0.95469,1.2018,2.3996,-0.12837,1.2057,1.551,2.1344,2.9027,-1.0219
1.1516,1.033,1.3457,1.341,0.14481,1.2934,0.22311,0.77421,1.0067,-0.70889,1.9649,0.65849,0.80277,1.7631,-0.037829,0.91821,1.8505,2.0658,2.5577,-1.0476
-0.38037,-1.0965,-0.87944,-1.0132,-1.2272,-1.0373,-0.42923,-0.61298,-0.92271,0.20729,0.9891,-1.1061,-0.85672,-0.6895,-1.2756,-0.95233,0.87597,0.92226,0.3415,-0.83124
2.0429,1.2137,1.8451,1.8482,-0.027785,1.6644,-2.0415,-1.6744,-1.0293,3.6045,-0.25471,1.051,1.4024,0.63267,0.95888,1.1827,-1.126,-1.0443,-0.95665,1.2616
0.99624,0.33408,0.98111,0.83328,-0.91702,0.76546,-1.5703,-1.3453,-0.88696,2.2824,-0.23926,-0.37193,-0.20676,-0.36058,-0.51746,-0.3446,0.36684,0.16884,0.076235,-0.6475
4.1797,-0.77463,-0.42795,1.4878,-2.1968,-0.34945,-2.3794,-1.8082,-1.4634,5.8363,1.595,-1.0326,-0.84591,0.29135,-1.5531,-0.87008,2.2467,2.4636,2.2017,-1.1343
-0.16734,-0.14668,-0.22997,-0.25397,-0.01129,-0.23074,-0.88802,-0.94341,-0.79884,0.55997,0.42769,-0.2032,-0.27503,0.044302,-0.23986,-0.21508,0.36108,0.30383,0.23287,-0.64524
-0.34911,-0.78502,-0.73916,-0.76688,-0.73898,-0.8039,-1.2779,-1.4284,-1.2819,1.5688,0.51074,-0.75089,-0.77741,-0.38654,-0.83111,-0.73571,0.44286,0.40667,0.15708,-0.68612
-0.85303,-0.29406,-0.40034,-0.76438,0.23693,-0.45212,-0.71595,-1.0314,-0.96155,0.36499,-0.71565,-1.1407,-1.1819,-1.3476,-0.93249,-1.215,-0.22984,-0.38362,-0.71473,-0.30984
-1.5654,-1.8342,-1.8485,-1.86,-1.4774,-1.9008,-0.57279,-1.1188,-1.3836,0.58248,-1.3395,-1.0232,-0.78327,-1.5571,-0.81441,-1.0534,-1.3771,-1.3062,-1.4721,1.9505
0.27345,1.0368,1.0682,0.57618,1.0894,0.97724,1.7457,1.9699,1.899,-0.73436,-0.61334,0.21865,0.20275,-0.29138,0.43895,0.17182,-0.055905,-0.21142,-0.28497,0.019521
-0.27146,0.078876,-0.20808,-0.1212,0.5943,-0.071623,0.66303,0.51343,0.30934,-0.81734,1.9103,-0.52419,-0.35827,0.40197,-1.0071,-0.36928,1.3874,1.7153,1.4483,-0.94703
-0.49489,1.4508,0.99628,0.54595,2.2375,1.0964,1.4017,1.1971,1.5325,-1.328,0.32067,1.8778,1.8086,1.6225,1.5984,1.8153,-0.3554,-0.28382,0.18673,-0.13893
-0.086962,1.5478,1.3028,0.92843,1.7311,1.3126,0.025138,0.068606,0.6688,-0.31246,0.67642,0.41348,0.31096,0.96155,0.11064,0.45886,0.68361,0.68003,1.0499,-0.78992
0.93394,1.0268,1.147,1.1703,0.52106,1.1291,-0.57139,-0.30555,0.090845,0.70839,0.361,1.5262,1.61,1.3467,1.2979,1.5442,-0.23906,-0.18876,0.22213,-0.30435
0.22551,0.91863,0.93066,0.66461,0.85577,0.8712,1.9296,2.1542,2.0317,-1.6343,1.738,0.6176,0.68534,1.5417,0.062746,0.7493,1.4623,1.7281,2.28,-0.99656
0.8087,0.0082676,0.3832,0.33775,-0.63371,0.25653,-1.454,-1.2729,-0.98485,1.7848,1.429,0.19032,0.26685,0.71845,-0.17986,0.31694,0.069651,0.26526,0.2931,-0.51917
-0.075268,-0.39755,-0.3857,-0.25103,-0.47781,-0.37185,-0.51597,-0.53594,-0.53977,0.038723,1.2565,0.73208,0.81994,1.1877,0.32404,0.82928,0.71356,0.84242,1.1562,-0.7726
1.1222,0.99254,1.0696,1.2289,0.50829,1.0869,-0.16159,0.45631,0.70431,0.33709,-0.4111,1.6263,1.467,0.70794,1.9988,1.5382,-1.1778,-1.0816,-0.95073,1.1239
-0.045186,0.14954,0.10483,-0.041531,0.24731,0.090962,0.98107,1.0169,0.66916,-1.1819,0.84318,0.047052,0.0099512,0.50198,-0.19566,0.10358,1.6028,1.559,1.7121,-1.0315
-0.19066,-0.91761,-0.73416,-0.59921,-1.2047,-0.78993,-0.79747,-0.85817,-0.89928,0.41851,-0.90503,-0.93968,-1.0073,-1.1174,-0.74968,-1.0223,-0.997,-0.96315,-1.1088,0.81391
-1.3932,-1.7415,-1.6017,-1.7146,-1.6193,-1.7393,-0.67981,-1.1838,-1.4045,0.32407,-0.085697,-1.6297,-1.3934,-1.4744,-1.7196,-1.5547,0.95891,0.72198,0.0078383,-0.87691
-0.89201,-0.56362,-0.41131,-0.7601,-0.49265,-0.54209,0.14139,-0.22008,-0.39237,-0.58635,-0.31056,-0.24522,-0.095794,-0.37873,-0.36224,-0.23477,1.2987,1.0748,1.1675,-0.81991
-1.3698,-1.2276,-1.2943,-1.3774,-0.8033,-1.3246,-0.37442,-0.91017,-1.0828,-0.07306,0.85112,-0.68508,-0.58879,-0.27398,-0.76437,-0.60473,-0.22293,-0.079819,-0.27836,-0.25865
1.3264,1.1628,1.3897,1.5617,0.59106,1.3926,-0.89304,-0.47354,0.049357,0.98229,0.42175,1.7684,2.2364,1.7364,1.1662,1.9533,-0.72746,-0.59845,-0.17852,0.25409
-0.36416,0.70864,0.58293,0.20722,1.0421,0.57321,0.70961,0.59552,0.70335,-0.99857,1.6034,0.53332,0.77547,1.047,-0.01763,0.67153,0.81607,1.0407,1.248,-0.82909
0.2271,0.36795,0.48179,0.37793,0.063603,0.43498,-1.1581,-1.1071,-0.74797,1.1053,0.39013,-0.11082,0.05261,0.025313,-0.35549,-0.089249,0.51658,0.45471,0.41698,-0.72762
-0.88293,-0.56337,-0.48181,-0.68353,-0.50377,-0.55952,0.39779,-0.041392,-0.24724,-0.68919,1.3134,-0.52323,-0.36406,0.1853,-0.91094,-0.3798,0.94969,1.1209,0.96376,-0.84935
-1.0496,-0.47552,-0.45439,-0.83882,-0.18961,-0.54882,0.034776,-0.39372,-0.4559,0.027511,0.95193,-0.50626,-0.40197,-0.14646,-0.68626,-0.39542,1.475,1.469,1.1612,-1.0048
0.075358,-0.45116,-0.12208,-0.23951,-0.89465,-0.25711,-0.41719,-0.4195,-0.51159,-0.01323,1.8116,0.017458,0.21251,0.84381,-0.51645,0.18099,0.90362,1.1496,1.162,-0.85938
-1.6787,-1.2132,-1.3812,-1.6374,-0.4242,-1.3975,1.333,0.37121,-0.44229,-1.338,-1.6246,-0.84513,-1.1924,-1.6518,-0.11809,-1.1037,-0.59269,-0.74021,-0.97976,0.1901
-1.9747,-2.0091,-2.0317,-2.1026,-1.5458,-2.0994,-0.13509,-0.93096,-1.3684,-0.3145,0.732,-1.8511,-1.6112,-1.4967,-1.902,-1.7511,2.3446,2.1909,0.83607,-1.1512
-5.2564,-0.89669,-2.301,-2.2618,1.2882,-1.8148,-0.22257,-1.029,-0.89806,-0.055203,0.4574,4.133,3.1816,2.3567,5.755,3.4191,2.7957,2.5768,3.6746,-1.4074
-1.3515,0.61497,0.49987,-0.39067,1.2094,0.32788,-1.356,-1.4068,-1.2094,1.6925,0.84687,0.63203,0.81137,0.73042,0.22747,0.8008,-0.14976,0.11909,0.28158,-0.15339
-4.6292,-0.05282,-1.7301,-1.6761,2.6716,-1.0167,-1.2418,-1.6565,-1.4009,1.3339,1.0758,3.7882,3.4612,2.8473,3.0704,3.4731,3.8476,3.8252,5.3375,-1.2679
0.42411,0.42353,0.48515,0.2091,0.42199,0.38354,2.8731,2.8026,2.4949,-1.5684,0.47851,0.28312,0.087173,0.42047,0.3334,0.17016,2.3332,2.2492,2.1201,-1.4275
-4.8975,0.10288,-1.8439,-1.5976,2.9978,-0.97301,-0.51492,-1.1822,-0.90302,0.24998,-0.62175,1.7442,1.9129,0.54105,1.5055,1.5716,2.6705,2.0141,2.4865,-1.5131
-1.4859,-1.622,-1.3941,-1.6429,-1.432,-1.5786,-0.94037,-1.0691,-1.1958,0.7421,0.52154,-0.69642,-0.36009,-0.2837,-1.36,-0.47935,1.0559,1.0849,0.62969,-0.98117
-1.4961,3.6176,2.0052,1.7422,5.7715,2.8207,-2.2275,-2.179,-1.6897,4.9641,1.3048,4.5772,4.125,3.1655,5.3267,4.2323,-0.30411,0.029459,1.0023,-0.060202
0.73412,-0.59915,-0.24917,0.10769,-1.2189,-0.29919,0.25993,0.3821,0.24512,-0.41536,0.21362,0.97302,0.63774,0.82151,1.4239,0.7705,-0.31505,-0.24071,0.083558,-0.051457
-1.4411,-0.23134,-1.1417,-0.13949,0.23786,-0.7431,1.9006,1.3894,1.4763,-1.2702,1.9285,3.6982,3.0356,3.8296,3.1925,3.4218,-0.17832,0.21468,1.2912,0.63285
0.047232,-0.29852,-0.98882,0.46225,-0.21949,-0.5784,-1.4721,-1.3952,-1.1815,1.7942,1.1555,2.3396,2.422,1.9761,1.5266,2.368,-0.41775,-0.099493,0.33908,0.69968
-4.4708,0.30403,-1.2825,-1.46,2.8873,-0.69959,-1.3413,-1.7101,-1.4213,1.5237,0.34814,3.479,3.1713,2.1396,4.0324,3.2209,-1.5991,-1.3798,-0.75715,2.015
-0.78007,0.32767,-0.52963,-0.2149,1.3383,-0.17465,-0.33677,-0.42453,-0.31219,0.081735,-0.14095,-0.27559,-0.53057,-0.39484,0.27777,-0.45698,-0.92212,-0.8779,-0.90485,0.71686
-1.302,1.6506,1.5764,0.70719,1.8121,1.4618,0.65542,0.35205,0.80635,-0.73193,0.28405,4.4631,4.6008,2.4722,4.5311,4.2179,-1.9564,-1.7054,-1.0535,3.4467
-1.3346,-0.89568,-0.95626,-1.1138,-0.41305,-0.92839,-1.1429,-1.2262,-1.2157,1.0947,-1.7979,-1.4809,-1.5564,-1.6175,-0.90433,-1.5655,-0.68756,-1.0274,-1.1528,0.39884
-3.2528,2.0585,0.39168,-0.13098,4.88,1.0587,-1.8147,-1.9384,-1.54,3.5493,0.73499,3.666,3.1691,2.3594,4.4103,3.2969,0.47068,0.61182,1.463,-0.5171
0.62242,1.7801,2.2092,1.1968,1.3769,1.9582,0.34705,0.42031,0.67322,-0.55372,-0.054114,0.16527,0.45827,-0.19131,0.37029,0.23516,-0.88506,-0.81982,-0.83946,1.1215
-0.23584,4.753,4.0077,3.2865,4.8955,4.2577,0.89237,0.76744,2.0492,-0.86456,2.9112,6.6267,6.3223,5.72,5.671,6.5451,1.302,2.2671,4.7607,-1.0172
0.23261,-1.2341,-0.66676,-0.58683,-1.7272,-0.7918,-1.3141,-1.2257,-1.241,1.5946,-0.32357,-0.78038,-0.49238,-0.51914,-1.1867,-0.51761,0.26164,0.097452,-0.073485,-0.42279
-1.2391,3.1709,2.2947,1.4711,4.3685,2.5765,-0.17618,-0.38023,0.29472,-0.10566,0.85646,2.895,2.8589,2.1695,2.4246,2.7713,-0.23848,-0.015629,0.69616,-0.15286
1.0056,1.2925,1.855,1.2928,0.56603,1.6888,-0.99222,-0.82106,-0.54844,0.83927,-1.2921,0.44628,0.37794,-0.64011,1.4443,0.18418,-1.1087,-1.2052,-1.1093,1.636
-2.8587,3.1307,1.8441,0.93045,5.2874,2.3708,-0.94578,-1.2428,-0.60094,1.1628,1.6087,7.069,6.4883,4.8671,7.6143,6.589,-0.7617,-0.24612,1.4343,1.4361
1.1453,1.6186,1.617,1.4651,1.3649,1.6516,-0.0011656,0.17411,0.44512,-0.30115,0.16132,-0.20852,-0.13878,-0.15776,-0.095656,-0.19101,0.83954,0.75736,0.53785,-0.8678
-4.0503,0.19325,-1.5406,-1.5026,2.9466,-0.79529,-0.47872,-1.0257,-0.82865,0.21187,-1.2093,-0.38991,-0.62036,-0.72158,-0.15118,-0.56943,3.3699,2.2177,1.8212,-1.6535
-0.23369,0.66094,0.25992,0.42685,0.91706,0.39538,-0.30253,-0.33963,-0.18389,0.01903,0.68503,0.1571,0.09546,0.43521,-0.0010072,0.2046,0.80065,0.91932,0.8585,-0.85286
-3.6726,0.8366,-0.82563,-0.47834,2.9257,-0.14196,0.87605,0.02672,0.46532,-0.79869,0.66695,4.0747,3.7625,2.4652,3.8989,3.6275,2.2269,2.3194,3.7848,-1.238
0.14669,-0.90872,-1.0659,-0.52008,-0.83207,-0.97102,-0.15198,-0.1391,-0.30777,-0.11377,2.1259,1.6076,1.5211,1.7096,1.3328,1.6276,1.3494,1.9412,2.0015,-1.0177
-1.571,3.9095,3.8604,2.1227,4.1776,3.8286,-2.1171,-2.0891,-1.5227,4.1534,0.74087,3.2856,3.6667,2.3583,2.4369,3.4182,-0.944,-0.70782,0.0043413,0.66614
0.62994,0.61251,0.11854,0.89176,0.57456,0.37257,2.2173,2.2251,2.2837,-1.3988,0.55157,1.921,1.4572,1.6056,2.1952,1.6485,0.81038,0.81598,1.3114,-0.71311
-3.4666,2.1224,0.98562,-0.43264,4.6483,1.3358,-1.5478,-1.7705,-1.3704,2.3855,1.3938,4.2681,4.5293,3.4699,3.1841,4.3944,-0.27191,0.086811,1.191,-0.12348
-0.50095,-0.45647,-0.19425,-0.6226,-0.48639,-0.35518,0.57968,0.45273,0.26367,-0.65061,-1.2904,-1.3553,-1.2917,-1.2628,-1.5791,-1.3649,-0.3746,-0.65606,-0.80329,0.094726
-2.316,-0.83265,-1.9952,-1.1521,0.46134,-1.5023,1.9785,1.2273,1.019,-1.2945,-1.4845,-0.6214,-0.80733,-0.92294,-0.47468,-0.80669,6.1707,4.3316,3.8161,-1.9801
-0.96495,0.56581,0.5441,0.12173,0.68492,0.53769,0.18759,0.012441,0.20188,-0.40148,-1.1886,-1.2793,-1.1159,-1.1471,-1.5876,-1.2018,-0.11208,-0.45515,-0.64511,-0.19465
-3.102,1.6166,0.29575,0.26394,3.4389,0.86221,-1.5861,-1.7472,-1.2515,2.1773,1.7742,4.7655,4.7396,3.7396,3.4748,4.5642,0.50471,0.98966,2.3825,-0.46101
-0.74255,-0.46183,-0.70456,-0.51016,-0.059079,-0.60331,0.15639,5.4473e-05,-0.076837,-0.31993,1.7125,1.0946,1.0652,1.8046,0.097557,1.1776,-0.18197,0.22424,0.5491,-0.096125
-1.4215,2.4414,1.516,2.1048,2.5335,2.0115,-1.0938,-1.2166,-0.50092,1.0719,1.0131,5.2073,5.4959,3.5621,3.6493,5.0746,-1.057,-0.73235,0.35094,1.3879
-0.15994,0.37732,0.51539,0.023959,0.40211,0.36686,0.35756,0.29129,0.27714,-0.56297,1.2657,1.2309,1.4351,1.4897,0.34995,1.4017,0.40262,0.70885,1.0203,-0.62196
-2.4982,2.5194,1.5233,0.67252,4.0227,1.8968,-1.62,-1.7464,-1.2673,2.2109,0.93051,2.5356,2.882,2.1027,0.77951,2.6529,0.044697,0.30558,1.0826,0.50275
1.6094,0.78247,0.68828,1.5449,0.07019,0.86962,-1.1512,-0.9118,-0.60332,1.309,0.87316,-0.16184,-0.19465,0.34268,-0.45303,-0.10548,0.70221,0.86828,0.67625,-0.7815
-6.5572,-1.3755,-3.5817,-3.7385,2.7574,-2.7337,-1.6015,-2.0851,-2.0119,2.4362,-1.047,1.3032,0.98865,0.021906,2.4668,0.95249,0.53327,0.12739,0.45629,-0.61942
-3.1645,-0.90705,-1.9823,-1.8946,1.0805,-1.517,-0.14755,-0.65055,-0.74333,-0.14087,0.29184,1.3455,1.2072,1.0101,1.288,1.2456,2.078,1.8979,2.283,-1.2805
-1.1564,-2.1684,-1.8088,-2.0157,-2.0029,-1.993,-0.25923,-0.42902,-0.85073,-0.061611,-0.63092,-1.4128,-1.3703,-1.0985,-1.1438,-1.3174,1.5645,1.0943,0.48151,-1.1881
-0.9627,-1.7327,-2.3903,-1.2111,-1.2545,-2.104,1.8159,1.4411,0.86214,-1.247,0.94804,2.1813,2.0387,1.7651,2.1498,2.0459,2.1363,2.3219,3.0182,-1.3094
0.04211,-0.21868,-0.48028,-0.16778,0.03986,-0.35742,0.009956,0.015019,-0.038923,-0.25676,-1.2806,-1.2413,-1.3586,-1.1406,-1.1555,-1.3075,-0.3114,-0.61819,-0.72881,-0.082179
-5.5628,-1.5465,-3.1196,-3.1068,1.2923,-2.5595,-1.0469,-1.6278,-1.6002,0.96873,1.4222,4.5282,4.0491,3.1173,4.8619,4.0743,-0.043417,0.31983,1.3204,-0.31957
1.8937,2.1543,2.3598,2.3155,1.3418,2.356,1.5888,1.9372,2.4074,-1.1937,0.5516,0.50643,0.4677,0.48503,0.67776,0.50064,0.38986,0.48359,0.52286,-0.62491
-3.1225,-0.36574,-0.98705,-1.2972,0.90327,-0.85927,0.85777,0.13995,0.16813,-0.78125,-0.10558,3.2051,3.4699,1.8036,3.083,3.2333,-2.2608,-2.0116,-1.4864,6.4062
-0.62598,-0.51033,-0.61541,-0.85344,-0.059594,-0.67248,0.58055,0.40666,0.12298,-0.69487,-0.033527,-0.76407,-0.78409,-0.45812,-0.695,-0.76775,0.067789,0.033246,-0.15988,-0.39495
-1.7272,2.4424,1.6561,0.90684,3.5599,1.9553,-1.5264,-1.599,-1.1386,1.9589,0.91894,4.0808,4.3357,2.7169,3.078,3.9865,0.11823,0.33804,1.3268,-0.4433
-1.2039,0.42698,-0.61403,-0.28548,1.7617,-0.19881,1.4512,1.0684,1.0089,-1.0751,-0.95497,0.90136,0.32513,0.0091576,2.1594,0.46384,0.46825,0.092222,0.28795,-0.51349
-3.1708,1.1247,0.23412,-0.57994,2.7411,0.40244,-1.3732,-1.6548,-1.3717,2.5331,2.4654,5.9555,6.4612,4.8305,3.7543,6.2317,-0.56967,0.042264,1.352,0.17918
0.35154,1.4661,1.1853,1.2796,1.3507,1.2932,1.2906,1.2843,1.6488,-1.0599,-0.067009,0.24916,0.29266,0.10373,0.42026,0.29376,0.52902,0.42822,0.4687,-0.68872
-4.7442,1.9495,-0.066188,-1.3529,6.1055,0.59525,-2.1231,-2.2977,-1.9498,4.5383,1.4699,4.7994,4.673,3.7359,4.4107,4.8191,-1.5353,-1.1647,-0.31678,1.9937
0.83755,0.052449,0.93489,0.49128,-1.1035,0.64019,0.14846,0.27773,0.29071,-0.40229,0.26003,0.18198,0.5285,0.10218,-0.33463,0.38149,-1.2965,-1.1223,-1.0071,1.3087
-3.9252,-0.40752,-1.2413,-1.6742,1.1381,-1.0388,-0.23729,-0.83833,-0.74194,-0.053793,0.88345,4.1747,4.6383,2.5916,2.9008,4.0827,0.4798,0.67025,1.6809,-0.68172
0.69243,-1.636,-1.0488,-0.88475,-2.2349,-1.2699,-0.010382,0.093466,-0.32161,-0.29921,-0.65583,-0.98581,-0.96582,-0.85466,-0.80403,-0.92854,-1.0832,-1.1057,-1.1368,0.90269
-3.8007,0.68832,-0.3052,-0.98784,2.5729,-0.020791,-0.20063,-0.79315,-0.51178,-0.07641,-1.4429,1.3949,0.92156,-0.099714,3.2267,0.99556,4.6047,3.0612,3.5286,-1.68
-1.0841,-1.4405,-1.1339,-1.3664,-1.3659,-1.2598,-0.51162,-0.63834,-0.83202,0.21603,-1.4752,-0.70689,-0.69114,-1.1979,0.050756,-0.83332,-1.6823,-1.7048,-1.6045,2.28
-2.2281,1.4999,0.76748,0.06251,2.743,0.98264,0.55872,0.082883,0.46958,-0.6642,0.93855,4.4292,4.5734,2.8907,4.0592,4.3403,0.1474,0.35662,1.3972,-0.40565
-1.2643,-1.3348,-1.2397,-1.5954,-0.87178,-1.3787,0.4075,0.13645,-0.28349,-0.53035,-1.4051,-1.144,-1.2502,-1.3704,-0.66463,-1.2898,-0.24942,-0.6034,-0.79287,-0.086192
-1.5573,1.1899,0.59438,0.54871,1.5267,0.70864,0.67694,0.30854,0.77559,-0.67608,0.3996,3.1281,3.0852,1.9901,2.9518,2.9957,-0.59458,-0.4712,0.20159,0.53531
1.4973,1.4279,1.7565,1.5346,0.72454,1.6948,-0.62191,-0.38948,-0.11455,0.3046,0.6818,1.1478,1.3655,0.81143,0.95819,1.1994,-0.11148,0.064447,0.20434,-0.13993
-3.1961,0.84244,-0.29838,-0.29632,2.323,0.15554,-1.2327,-1.5086,-1.1213,1.2961,1.8633,7.4459,7.5199,5.2584,6.1035,7.1719,0.42389,0.9213,2.9601,-0.65056
1.7434,-0.48315,-0.066123,0.27107,-1.1183,-0.12624,0.53308,0.81496,0.51105,-0.69119,-0.30299,-1.1712,-1.2648,-0.6237,-1.3411,-1.1289,-0.12181,-0.21672,-0.39135,-0.25233
-1.4666,-0.87803,-1.2043,-1.0257,-0.60402,-1.1602,0.17446,-0.10376,-0.23412,-0.42452,-0.33672,2.2022,2.0745,1.1802,2.6882,2.0498,-2.1691,-1.9562,-1.5049,4.5232
-0.55029,-0.95704,-0.9052,-1.0403,-0.67595,-1.0002,0.46697,0.32924,0.0094555,-0.57853,-1.2693,-1.2592,-1.4709,-1.165,-0.91291,-1.368,0.33942,-0.11194,-0.33482,-0.56735
-4.448,0.86615,-0.51412,-1.3983,3.5837,-0.1313,0.0045496,-0.75184,-0.4938,-0.24524,0.4636,4.0593,3.9076,2.378,4.8763,3.834,1.6551,1.6155,2.866,-1.2017
-1.188,-1.3971,-1.3,-1.2655,-1.1905,-1.3344,-1.4461,-1.4818,-1.4884,1.7986,0.14586,-0.78534,-0.54108,-0.38334,-1.1913,-0.55874,-1.3098,-1.1603,-1.1651,1.487
-4.3876,-0.10748,-1.3712,-1.6808,2.0274,-0.95152,0.38423,-0.44854,-0.29674,-0.52215,1.405,4.8015,5.0197,3.5153,3.7009,4.778,-1.4235,-1.0539,-0.22789,1.5615
-0.77776,-0.8583,-0.54195,-0.90908,-0.84214,-0.71189,0.4889,0.33685,0.10077,-0.34289,-1.109,-0.72519,-0.52502,-0.92379,-0.64897,-0.63931,-1.3445,-1.3872,-1.3186,1.5859
-3.3489,1.1134,-0.22418,-0.67967,3.3188,0.22434,-0.17829,-0.7024,-0.38441,-0.11766,0.60652,4.4408,3.8925,2.7368,4.7943,3.8818,-0.14065,0.015932,1.0727,-0.15849
0.044739,-0.2149,0.1873,-0.35552,-0.28043,0.0056003,-0.20625,-0.19039,-0.27752,-0.07981,-0.4742,-0.61719,-0.6645,-0.69532,-0.28257,-0.6686,0.25617,0.067333,-0.14691,-0.53048
-5.6415,-1.5723,-2.9874,-2.8592,0.81963,-2.4729,0.20659,-0.81312,-0.86776,-0.38722,1.2785,5.6748,4.9291,4.0479,5.545,5.1016,2.1132,2.4502,4.8264,-1.2626
-0.78659,0.2603,-0.20987,-0.0003454,0.65287,-0.04646,-0.10404,-0.23657,-0.12948,-0.16862,-0.78663,-0.36761,-0.58213,-0.51312,0.063483,-0.44079,0.16623,-0.086328,-0.11025,-0.2469
-3.0386,-0.22358,-1.8406,-1.0352,1.7215,-1.0973,-1.1457,-1.4135,-1.1889,1.1737,1.0182,2.7145,2.3427,2.425,1.9283,2.488,2.8662,3.0029,4.209,-1.5691
-0.2852,-0.21621,-0.45503,-0.27812,0.021996,-0.42375,1.2849,1.1136,0.91329,-1.0502,0.94567,0.71663,0.5433,1.088,0.37351,0.73143,3.0102,3.1036,3.2376,-1.6006
-2.6912,1.934,1.1651,0.38412,3.0697,1.3603,-0.78524,-1.0886,-0.58018,0.54712,2.3502,6.9363,6.5406,5.696,5.1782,6.6535,-0.46515,0.12505,1.834,0.065707
0.37897,0.35717,-0.015447,0.4613,0.40173,0.12013,0.20772,0.26812,0.33238,-0.37729,0.4716,1.3582,1.4019,0.80497,1.7138,1.2941,-1.4666,-1.1944,-0.90296,1.9161
-4.4224,-0.73038,-1.9601,-1.8594,1.3634,-1.4833,-0.73591,-1.2723,-1.1136,0.49947,1.3989,5.1346,5.4705,4.341,3.1922,5.3597,0.081158,0.42191,2.0534,-0.24609
0.56354,-0.29898,-0.40234,0.047134,-0.31047,-0.2848,-0.37714,-0.28144,-0.32468,0.026045,0.83427,0.2405,0.37238,0.60188,-0.45338,0.3443,-0.3746,-0.15342,-0.090362,0.14019
0.61294,6.3414,6.1929,4.9333,5.5103,6.2229,-0.53655,-0.43933,0.85634,0.28565,2.1849,7.6196,7.7575,6.2085,5.0855,7.5984,-2.0263,-1.5645,-0.47005,3.6295
0.6067,0.17042,0.45802,0.19438,-0.0049073,0.34808,-0.74909,-0.63928,-0.60728,0.55296,1.1197,0.68216,0.95048,0.87676,0.05782,0.83339,-0.79998,-0.47012,-0.32706,0.67198
-4.8977,0.23647,-1.3395,-1.4569,2.8455,-0.69332,-2.2679,-2.4036,-2.0681,5.2083,0.067466,4.1739,4.0343,2.469,4.2386,3.8809,0.10668,0.077433,1.161,-0.4212
-0.59018,0.26865,-0.1882,-0.20374,0.97116,-0.030818,-1.2245,-1.2157,-1.0761,1.2751,1.058,0.8719,0.77664,1.0225,0.63831,0.86071,0.03862,0.30792,0.4867,-0.3747
-5.5875,-0.18798,-2.1192,-2.3668,3.0825,-1.4154,-0.35587,-1.1906,-1.014,0.19435,1.0113,4.9436,4.253,3.1879,5.5287,4.3509,1.3682,1.5702,3.1009,-1.0913
-0.94541,-0.17075,0.039054,-0.64856,-0.021634,-0.1646,-0.37523,-0.52025,-0.55828,0.11569,-0.65176,-0.08181,-0.013955,-0.4077,0.046459,-0.081044,0.26772,0.028737,0.014264,-0.47785
-3.2003,1.0722,0.042035,-0.26294,2.4774,0.3716,0.14316,-0.43122,0.066635,-0.1298,-0.032951,3.2316,3.2499,1.7594,3.0796,3.0175,4.0578,3.5279,4.9094,-1.7035
0.14355,1.4442,1.0662,0.85028,1.7801,1.2024,0.22678,0.22112,0.45443,-0.4739,0.13911,-0.29918,-0.19746,-0.24428,-0.26563,-0.24527,-0.27008,-0.22123,-0.31871,-0.10186
-0.54317,4.5694,3.8109,3.5366,4.5502,4.1775,-0.40916,-0.48556,0.64802,0.1419,0.87417,5.4175,5.1992,3.575,5.2821,5.0289,5.1194,4.9718,7.9796,-1.7815
2.9114,1.5019,1.7473,2.4337,0.26191,1.8242,1.4629,2.0363,2.3127,-1.159,2.4891,1.6949,1.8736,2.3661,0.46497,1.9219,0.34185,1.0412,1.4446,-0.53423
-4.3666,0.60852,-0.99018,-1.2884,3.2237,-0.41408,-0.092713,-0.82059,-0.53056,-0.099937,0.94456,4.5436,4.0918,3.0082,4.9658,4.1327,-0.5247,-0.24792,0.81407,0.51493
-0.59375,-0.1316,-0.26614,-0.30874,0.14042,-0.22086,-0.78457,-0.8298,-0.77622,0.55436,-0.88646,-1.0937,-1.2928,-1.0302,-0.56338,-1.1853,1.5894,1.0149,0.55068,-1.1204
-0.11201,3.2838,2.7487,2.6254,3.5591,3.183,-1.9861,-1.8769,-1.314,3.6058,1.1199,4.1321,4.2242,2.9875,3.5874,4.0956,-0.63226,-0.2784,0.75344,0.55465
0.91089,0.153,0.05175,0.69285,-0.17644,0.17343,-1.98,-1.7981,-1.5736,3.5258,-0.32958,-0.96826,-0.91017,-0.7681,-1.142,-0.95204,-0.11755,-0.216,-0.44549,-0.25615
-2.5446,-0.73246,-1.5779,-1.3853,0.42319,-1.3372,0.92769,0.32509,0.17844,-0.86693,0.82843,4.3095,4.2619,2.9288,4.0162,4.0779,-0.59641,-0.34856,0.63052,0.2681
-0.60905,-0.22671,-0.53782,-0.53376,0.27232,-0.45544,0.68456,0.50903,0.33123,-0.755,-0.88718,0.46026,0.29736,-0.51866,1.5624,0.18115,-1.8908,-1.7917,-1.5982,3.0033
0.036321,1.2884,0.50466,1.7489,1.1147,0.91216,0.29389,0.29938,1.1209,-0.45112,2.6516,8.2998,6.862,7.0771,7.0366,7.5548,-1.4587,-1.0147,0.10336,1.8057
0.52219,1.3123,1.2075,1.1631,1.2798,1.2778,-0.36962,-0.238,0.18877,0.1683,1.6007,3.1627,3.1112,2.6409,2.4924,3.1308,0.18924,0.55669,1.2431,-0.51737
0.20956,2.3026,2.0751,1.6533,2.4047,2.1107,0.50657,0.55044,1.2631,-0.69303,0.62911,-1.1216,-0.56679,-0.34056,-2.1962,-0.82338,1.8702,1.8647,1.3055,-1.1733
1.2717,4.5149,5.0693,4.294,3.4185,4.8868,-0.56514,-0.2972,1.1355,0.32389,2.7613,8.4415,7.3601,7.0619,7.1308,7.9655,-1.4701,-1.0226,0.014426,1.9948
0.18235,0.31671,0.48559,0.31653,0.22779,0.46364,-1.6989,-1.6337,-1.3654,2.6838,-0.047159,0.14894,0.23994,-0.063794,0.25053,0.14936,0.80877,0.64822,0.50525,-0.69396
0.21425,0.79438,0.20361,1.2779,0.77199,0.55336,-0.22822,-0.191,0.42039,0.30613,1.951,4.597,4.0458,4.1945,3.7584,4.4322,-0.90835,-0.50828,0.37402,0.74195
1.2764,2.5043,2.2083,2.3597,2.4219,2.4009,-0.96735,-0.72017,-0.046107,0.92512,2.4226,3.0936,3.192,2.818,2.2712,3.1561,-0.53044,-0.042739,0.19748,0.6914
-3.3572,1.2162,-0.73802,-0.81024,3.5982,0.14255,-1.0966,-1.6152,-1.1394,1.7774,0.91099,4.8386,3.8771,3.199,5.0908,4.1487,-1.0653,-0.84748,-0.161,0.86446
-2.4993,-0.91162,-1.2749,-1.7142,-0.13341,-1.2233,-0.4655,-0.96186,-1.0645,0.26029,-0.1186,-0.66932,-0.54586,-0.40009,-0.62972,-0.53916,1.9219,1.6418,1.3939,-1.266
0.19603,1.8592,1.4233,1.3692,2.1543,1.6564,-1.7909,-1.7195,-1.2051,2.9526,2.5088,6.0704,5.945,5.0171,4.4063,6.0349,1.578,2.2983,4.2644,-1.149
-2.1454,1.1143,0.015667,0.19961,2.0432,0.43787,2.1874,1.3147,2.0087,-1.5094,1.0844,4.5768,4.0021,3.5559,3.2714,4.1592,-0.73695,-0.45947,0.47557,0.54997
0.46195,-0.076908,0.03178,-0.029162,-0.13259,-0.036928,-0.50437,-0.39547,-0.44043,0.30196,0.6097,0.39815,0.29078,0.43704,0.58608,0.39275,-0.16905,-0.040944,0.0012288,-0.25133
-2.3448,-1.6722,-2.1182,-1.6863,-1.3281,-1.9811,0.59637,-0.18113,-0.54089,0.13225,0.35678,2.2473,1.9082,1.8043,1.8949,2.1681,-0.42512,-0.34138,0.21773,0.026343
-0.26058,1.1451,1.4468,0.46931,1.1781,1.1987,1.7961,1.6821,1.8272,-1.3553,-0.60499,-0.24515,-0.32451,-0.48815,0.45431,-0.24936,0.27185,0.047714,0.00096384,-0.57028
-0.62166,4.3336,4.2118,3.1189,4.3526,4.2809,-2.752,-2.717,-1.9702,10.086,3.3523,9.8678,8.7671,8.2182,8.5801,9.534,-0.62544,0.0592,1.9902,0.21919
-0.086481,0.77203,0.8873,0.30833,0.85781,0.76291,-0.97507,-0.95933,-0.72622,0.96533,0.92326,-0.52768,-0.030856,0.15832,-1.5574,-0.17156,-0.4499,-0.25308,-0.403,0.16003
-0.3151,-1.0967,-1.5706,-0.42986,-1.0786,-1.3904,0.1249,0.014538,-0.13965,-0.29937,2.7586,3.5763,3.039,4.5744,1.5416,3.531,-0.60892,-0.049918,0.84482,0.19512
-0.61552,0.68688,-0.18769,0.098492,1.5295,0.22901,1.9393,1.676,1.7135,-1.4415,1.5537,0.81045,0.85839,1.3588,0.082727,0.90118,0.69003,1.0499,1.2264,-0.80931
-1.6292,1.876,0.6944,1.0392,2.7884,1.239,-0.49038,-0.79842,0.049711,0.54828,4.8214,11.065,8.5682,11.248,9.0493,10.111,-0.06786,1.0294,4.0333,-0.30563
1.1367,0.19558,0.87762,0.58606,-0.51086,0.59384,-0.056143,0.21176,0.20897,-0.24082,-0.11347,-0.22044,-0.22937,-0.045791,-0.23985,-0.16039,0.83459,0.68591,0.67882,-0.83845
-1.8154,2.2274,1.206,0.82855,3.445,1.7551,-2.7576,-2.8039,-2.2455,10.31,2.2959,6.4197,5.1587,5.802,5.8709,6.1819,0.3338,0.86035,2.6275,-0.5614
-1.8856,-1.4582,-1.598,-1.8039,-0.99627,-1.6059,0.5712,0.052811,-0.4573,-0.73563,-0.74448,0.54862,0.3702,-0.35304,1.5816,0.31647,-1.1675,-1.187,-1.1076,1.0766
-3.8171,0.1435,-1.4545,-1.3875,2.0457,-0.71242,-2.0711,-2.4156,-2.0344,4.75,1.337,4.3308,3.7194,3.1715,3.9592,3.9431,-0.29812,-0.0093575,0.82759,-0.12208
0.14635,-0.85391,-0.68566,-0.46919,-1.057,-0.72986,0.35967,0.38182,0.028508,-0.5751,-1.4805,-1.5061,-1.2966,-1.5085,-1.5132,-1.4082,-1.0632,-1.1734,-1.2609,1.2954
-3.6644,0.75335,-1.0139,-1.1664,3.0375,-0.17828,-1.6892,-2.1096,-1.7146,2.6564,2.2179,5.8769,5.7399,5.1809,3.335,5.9784,-1.6549,-1.2746,-0.48451,3.8738
-1.9373,-1.745,-2.0516,-1.9446,-1.203,-1.939,-0.0010677,-0.45577,-0.86735,-0.20185,-0.46439,-0.19775,-0.19566,-0.42361,-0.075576,-0.21723,-1.0488,-1.0467,-1.0384,0.84349
-0.55545,0.056175,0.073347,-0.17987,0.071502,-0.021329,-0.71647,-0.8,-0.67416,0.5476,-1.428,-0.86582,-0.88943,-1.1791,-0.4103,-0.98091,-0.69049,-0.91927,-0.97189,0.29371
-2.1216,1.4801,0.086982,0.25138,3.0318,0.84004,-3.0454,-3.0625,-2.5784,17.066,2.3769,6.6327,5.8127,5.5956,5.4922,6.4357,-2.0163,-1.631,-1.0151,6.2222
0.87494,-0.76058,-0.52621,-0.18095,-1.0406,-0.53588,-1.2966,-1.1264,-1.1442,1.9878,-0.90167,-0.54403,-0.51978,-0.77469,-0.48817,-0.59756,-1.5661,-1.5327,-1.5079,2.1527
-3.3863,1.3226,-0.34851,-0.36604,3.2576,0.43294,-1.0816,-1.6135,-1.0384,1.2192,1.9698,8.7982,7.6897,6.8665,7.4605,8.2983,-0.231,0.19057,2.1718,-0.18875
-0.10061,0.38572,0.12886,0.12085,0.6744,0.23929,-0.70577,-0.70411,-0.56043,0.52693,-0.081234,-0.26671,-0.50801,-0.13988,0.22865,-0.33776,1.3034,1.1073,1.0334,-1.0618
-0.53688,3.2845,2.4966,2.5244,3.8588,3.0406,-2.228,-2.2191,-1.4368,4.9759,3.4917,9.553,8.568,8.2947,7.5867,9.3172,-0.49327,0.19273,2.0444,0.26604
-0.36755,-0.51534,-0.50588,-0.52281,-0.49387,-0.53032,-1.3314,-1.3486,-1.2792,1.6688,0.83506,0.60708,0.53976,0.88801,0.12793,0.64731,0.059143,0.20529,0.33311,-0.33228
1.008,2.2627,1.7407,2.6011,2.0038,2.1053,-0.26603,-0.094425,0.73302,0.047778,3.5898,8.3766,6.8369,7.2685,7.531,7.6884,-0.23926,0.54305,2.2901,-0.15971
0.39964,-0.092128,0.30665,0.068666,-0.43886,0.11582,-1.2926,-1.2003,-1.0839,1.5687,-0.61099,-0.17673,-0.12504,-0.34497,-0.2539,-0.24433,-1.088,-1.107,-1.0548,0.92184
0.11744,2.3854,1.9987,2.1296,2.4671,2.3499,-1.9225,-1.8541,-1.1653,3.5642,2.8858,6.8031,6.2198,6.6147,4.8096,6.8182,-1.3214,-0.84676,0.14936,1.5615
-0.19218,-1.5926,-1.5841,-1.2834,-1.4449,-1.5471,-0.61626,-0.64283,-1.0197,0.44836,-1.1709,-0.95282,-1.1876,-1.3245,0.17829,-1.1656,-1.4917,-1.5115,-1.5697,1.9089
-1.4753,-1.5343,-1.4407,-1.7578,-1.2698,-1.5558,0.35012,-0.034125,-0.57704,-0.57386,-0.16382,-0.55708,-0.54615,-0.41063,-0.16288,-0.45616,0.58058,0.43573,0.3011,-0.72907
1.6475,0.60257,0.24896,2.0522,0.0044032,0.65527,-0.067236,0.29484,0.78805,0.28016,3.323,7.1642,6.4241,7.2497,4.7188,7.1658,-0.96618,-0.34604,1.0525,0.71402
-0.48467,-0.40065,-0.568,-0.52441,-0.11314,-0.48796,-0.47939,-0.57044,-0.6321,0.30444,-1.8074,-1.6275,-2.0449,-1.6847,-0.49114,-1.8087,-1.0818,-1.2987,-1.4119,1.2415
2.0314,-0.66405,-1.2288,1.3387,-0.92641,-0.7448,-0.84292,-0.46087,-0.26752,0.84722,1.5389,2.9464,2.38,3.3783,1.9885,2.7527,-0.33529,-0.021561,0.80957,-0.039616
0.26162,-0.48358,-0.03108,-0.15754,-0.89088,-0.20859,2.3445,2.3912,1.8834,-1.6063,0.517,0.27921,0.36493,0.77808,-0.62771,0.45574,0.16446,0.25087,0.44711,-0.50365
0.18733,2.2107,1.3307,2.0504,2.5154,1.826,-0.30693,-0.2675,0.54577,0.085898,1.4018,5.0524,4.1288,3.6377,5.3645,4.4988,0.53928,0.8521,2.1054,-0.73542
-1.2843,-0.81109,-1.1715,-1.1956,-0.23296,-1.0689,0.20004,-0.1132,-0.39124,-0.44734,0.066063,-0.16062,0.086199,-0.13089,-0.71313,-0.096958,0.89654,0.75554,0.61035,-0.73942
0.52164,1.7327,1.3194,1.7466,1.5548,1.5165,-0.6342,-0.51294,0.10536,0.4219,1.8022,3.9361,3.7727,3.2933,2.531,3.8387,1.6451,2.1224,3.3849,-1.187
-0.39402,-1.4608,-1.3544,-1.1361,-1.4845,-1.395,-0.95674,-0.99972,-1.1933,0.93627,-1.7039,-2.0854,-2.0908,-1.8407,-1.7593,-2.0638,0.048818,-0.42393,-0.74007,-0.33992
-0.90851,1.1489,0.454,0.56337,1.7414,0.77743,-1.7115,-1.7624,-1.2917,2.8113,3.4715,6.3839,6.0179,6.1955,3.956,6.4362,-0.39518,0.3424,1.736,0.11864
1.1702,0.89715,0.95055,1.2455,0.52523,1.0114,-0.11768,0.1529,0.42549,-0.17229,0.82113,0.92808,0.84038,0.8323,0.95629,0.84989,-0.72043,-0.53054,-0.41238,0.34384
-2.978,1.106,-0.34489,-0.54458,3.0057,0.39138,-2.4212,-2.5987,-2.1302,6.437,1.4456,5.5638,5.249,4.8335,3.4409,5.5576,-2.2796,-1.9853,-1.5441,7.5092
1.0711,-0.74621,-0.21708,-0.016109,-1.3938,-0.40568,1.2317,1.5582,1.0388,-1.0761,-1.8034,0.2921,-0.099409,-0.98006,1.4898,-0.16722,-1.5527,-1.6328,-1.5474,2.0722
-3.1154,1.2985,-0.52149,-0.60173,3.6052,0.38341,-2.8789,-2.9663,-2.4973,12.065,1.6539,5.2628,4.2719,3.9972,5.5593,4.7828,1.4521,1.8614,3.5139,-1.1197
-0.15777,-1.0063,-0.83775,-0.64227,-1.1897,-0.92303,0.21769,0.16261,-0.15093,-0.35551,-1.0584,-0.82673,-1.1393,-1.0656,0.35375,-1.0176,-0.94449,-1.0388,-1.0924,0.85479
-3.5856,2.2991,0.33052,-0.40687,5.0604,1.2458,-1.6428,-2.058,-1.4854,2.5736,2.1997,6.5447,5.8884,5.5817,5.2125,6.3163,-0.84537,-0.38373,0.84153,0.55226
-1.3168,-0.60737,-0.69448,-0.97426,-0.29289,-0.71868,0.47127,0.11715,-0.10274,-0.66368,-0.95728,-0.1706,-0.39035,-0.61842,0.55644,-0.35946,1.0576,0.58971,0.54728,-0.95621
-2.8133,1.2848,-0.0022305,-0.62085,3.0881,0.47849,-1.2689,-1.6683,-1.2567,1.5737,1.576,5.1066,3.9977,3.8583,5.8138,4.5118,-0.42719,-0.086171,0.88706,-0.0032061
-1.0809,0.87017,-0.23757,0.75585,1.4557,0.33389,-0.17353,-0.38916,0.22613,0.022151,2.5538,6.7049,5.4817,5.5286,6.1213,6.0285,-0.60272,-0.078633,1.1579,0.18313
0.58806,-0.38745,-0.17621,-0.030339,-0.68536,-0.25512,0.58306,0.73882,0.46488,-0.67877,1.2251,0.33699,0.35677,1.0585,-0.4525,0.4734,0.3782,0.63673,0.75085,-0.61852
2.5388,1.3133,1.3387,2.2791,0.56783,1.4675,0.50609,1.1809,1.5894,-0.70693,0.97129,0.85958,0.90342,1.4781,-0.16814,1.0199,0.26565,0.46229,0.8277,-0.57116
-3.9498,-0.38742,-1.7546,-1.846,1.4195,-1.1413,-1.7243,-2.1793,-1.9127,2.9424,3.0426,6.9733,6.2623,6.1662,5.0853,6.6489,-1.0952,-0.56141,0.47186,0.96658
0.84629,1.0775,1.0715,1.2597,0.74307,1.091,2.2634,2.5471,2.8548,-1.5742,1.1331,1.4986,1.3987,1.3996,1.2139,1.4629,1.1671,1.3955,1.7189,-0.99547
-3.0288,1.8203,0.014675,-0.36196,4.2302,0.90505,-2.4108,-2.594,-2.1047,7.6107,1.4203,5.3309,5.0001,3.8261,4.8792,5.145,0.66835,0.98957,2.3854,-0.7818
0.046531,0.41445,0.32655,0.30473,0.40241,0.33356,0.35389,0.35953,0.4342,-0.59034,-0.91129,0.57876,0.2748,-0.34104,1.4594,0.26147,-1.1128,-1.173,-1.1008,1.3863
1.4468,1.973,1.9894,2.9294,1.0217,2.2133,-0.60266,-0.34976,0.50466,0.74109,3.1233,7.6511,7.2184,7.4758,4.2706,7.7563,-1.9677,-1.5542,-0.80722,4.1223
-0.67617,-0.1314,-0.58831,-0.42738,0.35229,-0.41398,1.4452,1.2185,0.98257,-1.1901,0.31146,0.16812,0.018001,0.52306,-0.3484,0.1193,0.52586,0.52654,0.67172,-0.72422
-3.0991,-0.04831,-1.2116,-1.195,1.3594,-0.68631,-2.1112,-2.362,-1.9924,6.6856,1.5699,5.072,4.3324,4.1481,4.1322,4.643,-0.91145,-0.57828,0.33337,0.64117
-2.0003,-0.4054,-1.3284,-1.1865,0.66334,-1.0077,-0.97979,-1.2649,-1.2305,1.9586,0.12155,2.106,1.4241,1.2236,2.8209,1.7059,-1.055,-0.9505,-0.61674,0.87161
1.5378,0.45987,0.62318,0.99716,0.067131,0.65126,0.23332,0.61539,0.66674,-0.49629,0.40362,-0.16632,0.024228,0.33568,-0.9285,0.0058363,1.3075,1.2817,1.308,-1.0705
0.85062,0.60124,0.81261,0.73664,0.36931,0.79074,-0.98413,-0.81047,-0.59829,0.942,-0.64372,-0.32246,-0.13502,-0.47095,-0.45694,-0.23618,-1.2842,-1.2721,-1.2369,1.3223
-1.0883,1.5731,1.0767,0.79521,2.2282,1.4519,-2.688,-2.6886,-2.1685,9.7966,1.6718,4.7194,4.3655,4.1366,2.8027,4.6192,-1.8542,-1.5449,-1.0427,3.3797
-0.78297,-0.44113,-0.78782,-0.64615,-0.01028,-0.66008,0.49066,0.27614,0.079077,-0.68597,-0.13977,0.47998,0.3695,-0.084662,1.0888,0.30257,-0.69668,-0.65653,-0.63704,0.61338
-3.583,-1.1479,-2.6074,-1.8996,0.41087,-1.8953,-0.9933,-1.5287,-1.3881,6.1678,1.9951,5.2127,4.0173,4.7895,4.4215,4.586,2.0396,2.6332,4.914,-1.2784
-0.19044,1.003,0.75707,0.56229,1.1701,0.77468,0.27528,0.22215,0.49333,-0.47836,0.35713,0.12506,0.16682,0.23332,0.012592,0.16653,0.89964,0.88476,0.87503,-0.90532
-1.1074,2.7015,1.901,1.575,3.3546,2.1572,-0.33422,-0.55476,0.37087,0.66205,1.9168,6.8371,6.2369,5.0479,5.5182,6.4597,-1.6115,-1.2656,-0.52346,2.3263
0.68094,-0.84629,-0.65469,-0.10625,-1.2339,-0.64769,-1.1856,-1.0448,-1.041,1.3293,-0.60916,-1.1191,-0.90157,-0.75907,-1.5431,-0.94649,-1.3172,-1.2933,-1.3215,1.4107
-1.5245,1.9818,0.85499,1.1069,2.9343,1.4347,-2.5109,-2.5614,-1.9603,7.1013,3.2038,7.9256,7.3914,6.7988,5.8886,7.743,-0.63266,-0.059968,1.2003,0.69575
1.0876,3.5371,2.6197,3.7319,3.4904,3.2451,-1.7654,-1.5989,-0.62577,4.3791,2.4786,8.232,6.6646,6.4267,8.618,7.5202,-1.2512,-0.78072,0.40312,1.3352
1.1676,-0.50098,-0.44953,0.34551,-0.89,-0.35515,-0.8954,-0.66331,-0.64674,0.81,0.87436,0.14615,0.2054,0.44697,-0.064295,0.16961,-0.034818,0.12883,0.068697,-0.32575
-1.7538,2.1803,0.95477,0.8921,3.3966,1.4581,-1.0988,-1.3512,-0.61703,1.4344,1.8202,5.8381,4.975,4.5621,5.6055,5.3985,-0.01933,0.41096,1.7896,-0.24519
0.30068,0.98152,0.84289,0.63024,1.1626,0.89149,0.31309,0.38424,0.56752,-0.55014,0.74607,-0.14139,-0.14295,0.20149,-0.29449,-0.073818,1.5078,1.5768,1.4026,-1.1139
1.0146,2.816,1.8452,3.0432,3.0583,2.5488,-1.6442,-1.4716,-0.65412,2.5111,2.9857,9.0105,7.6433,7.6434,8.4298,8.4359,-0.5831,0.024742,1.8327,0.15823
0.26555,0.71223,0.81004,0.63837,0.58779,0.76961,-0.9986,-0.92589,-0.6414,0.99351,1.123,0.38029,0.53211,0.41067,0.40619,0.44669,0.66525,0.83559,0.62948,-0.68139
-3.092,-0.7968,-1.4397,-1.5476,-0.038585,-1.268,1.0191,0.045406,-0.071301,-0.6033,3.1964,6.8732,5.9719,6.6335,5.2165,6.6962,-2.3054,-1.9379,-1.4861,8.1786
-0.57863,-0.17282,-0.00017418,-0.26917,-0.26635,-0.10722,-0.69602,-0.78595,-0.69416,0.51576,0.13142,-0.33696,-0.31434,-0.12897,-0.49671,-0.31439,1.0297,0.9185,0.80295,-0.95539
-2.4565,4.1546,2.9811,1.2855,6.1036,3.3823,-1.5817,-1.8509,-0.89107,3.6242,2.5736,6.437,5.4873,5.2045,6.6118,6.3194,0.76334,1.4447,3.1963,-0.84451
-0.69408,0.3992,0.124,-0.13196,0.8117,0.19864,0.85854,0.65483,0.6876,-0.79494,0.3096,-0.034205,0.080861,-0.096426,0.080534,0.0085731,-0.43338,-0.3525,-0.46633,0.15495
0.18783,2.5344,1.4238,2.615,2.893,2.1821,-2.3756,-2.3052,-1.5941,6.1095,2.2757,7.3459,5.4235,6.2513,7.1464,6.4067,-1.8242,-1.471,-0.72443,3.3785
